{"cameraMode":{"drawMode":0,"name":"Shaded","section":"Shading Mode"},"sceneLighting":false,"audioPlay":false,"sceneViewState":{"m_AlwaysRefresh":false,"showFog":true,"showSkybox":false,"showFlares":true,"showImageEffects":true,"showParticleSystems":true,"showVisualEffectGraphs":true,"m_FxEnabled":true},"in2DMode":false,"pivot":{"x":2.2351741790771486e-8,"y":0.20045730471611024,"z":7.450580596923828e-9},"rotation":{"x":0.11548864841461182,"y":-0.8487051129341126,"z":0.20644843578338624,"w":0.4730207920074463},"size":0.22396220266819,"orthographic":false}