{"cameraMode":{"drawMode":0,"name":"Shaded","section":"Shading Mode"},"sceneLighting":false,"audioPlay":false,"sceneViewState":{"m_AlwaysRefresh":false,"showFog":true,"showSkybox":false,"showFlares":true,"showImageEffects":true,"showParticleSystems":true,"showVisualEffectGraphs":true,"m_FxEnabled":true},"in2DMode":false,"pivot":{"x":0.2310551106929779,"y":-1.491559624671936,"z":-2.2968852519989015},"rotation":{"x":-0.003078836714848876,"y":-0.9774734973907471,"z":0.21019476652145387,"w":-0.014370720833539963},"size":2.3209481239318849,"orthographic":false}