{"cameraMode":{"drawMode":0,"name":"Shaded","section":"Shading Mode"},"sceneLighting":true,"audioPlay":false,"sceneViewState":{"m_AlwaysRefresh":false,"showFog":true,"showSkybox":true,"showFlares":true,"showImageEffects":true,"showParticleSystems":true,"showVisualEffectGraphs":true,"m_FxEnabled":true},"in2DMode":false,"pivot":{"x":612.8903198242188,"y":412.0862731933594,"z":-517.1883544921875},"rotation":{"x":-0.005341709591448307,"y":0.054913926869630817,"z":-0.0012377981329336763,"w":-0.9986817836761475},"size":85.73890686035156,"orthographic":false}