{"cameraMode":{"drawMode":0,"name":"Shaded","section":"Shading Mode"},"sceneLighting":true,"audioPlay":false,"sceneViewState":{"m_AlwaysRefresh":false,"showFog":true,"showSkybox":true,"showFlares":true,"showImageEffects":true,"showParticleSystems":true,"showVisualEffectGraphs":true,"m_FxEnabled":true},"in2DMode":false,"pivot":{"x":16.43144989013672,"y":2.9811837673187258,"z":-6.2266716957092289},"rotation":{"x":-0.050483979284763339,"y":0.7481854557991028,"z":0.05695205554366112,"w":0.6589770317077637},"size":7.820961952209473,"orthographic":false}