{"cameraMode":{"drawMode":0,"name":"Shaded","section":"Shading Mode"},"sceneLighting":true,"audioPlay":false,"sceneViewState":{"m_AlwaysRefresh":false,"showFog":true,"showSkybox":true,"showFlares":true,"showImageEffects":true,"showParticleSystems":true,"showVisualEffectGraphs":true,"m_FxEnabled":true},"in2DMode":false,"pivot":{"x":-8.035537719726563,"y":14.021653175354004,"z":12.907541275024414},"rotation":{"x":0.11410568654537201,"y":-0.7435762286186218,"z":0.6456692218780518,"w":0.13260219991207124},"size":19.335538864135743,"orthographic":false}