{"cameraMode":{"drawMode":0,"name":"Shaded","section":"Shading Mode"},"sceneLighting":false,"audioPlay":false,"sceneViewState":{"m_AlwaysRefresh":false,"showFog":true,"showSkybox":false,"showFlares":true,"showImageEffects":true,"showParticleSystems":true,"showVisualEffectGraphs":true,"m_FxEnabled":true},"in2DMode":false,"pivot":{"x":-0.7546890377998352,"y":-0.29353874921798708,"z":-0.8940163850784302},"rotation":{"x":0.11548864841461182,"y":-0.8487051129341126,"z":0.20644843578338624,"w":0.4730207920074463},"size":0.8660253882408142,"orthographic":false}