{"cameraMode":{"drawMode":0,"name":"Shaded","section":"Shading Mode"},"sceneLighting":false,"audioPlay":false,"sceneViewState":{"m_AlwaysRefresh":false,"showFog":true,"showSkybox":false,"showFlares":true,"showImageEffects":true,"showParticleSystems":true,"showVisualEffectGraphs":true,"m_FxEnabled":true},"in2DMode":false,"pivot":{"x":2.4135684967041017,"y":0.49842846393585207,"z":1.8969467878341675},"rotation":{"x":0.013613389804959298,"y":-0.8806241750717163,"z":0.025385888293385507,"w":0.4730249047279358},"size":0.8660253882408142,"orthographic":false}