{"cameraMode":{"drawMode":0,"name":"Shaded","section":"Shading Mode"},"sceneLighting":true,"audioPlay":false,"sceneViewState":{"m_AlwaysRefresh":false,"showFog":true,"showSkybox":false,"showFlares":true,"showImageEffects":true,"showParticleSystems":true,"showVisualEffectGraphs":true,"m_FxEnabled":true},"in2DMode":false,"pivot":{"x":-0.7410000562667847,"y":-11.060616493225098,"z":-14.343975067138672},"rotation":{"x":0.06589961051940918,"y":-0.887763261795044,"z":0.13514646887779237,"w":0.4354633688926697},"size":1.4389938116073609,"orthographic":false}