{"cameraMode":{"drawMode":0,"name":"Shaded","section":"Shading Mode"},"sceneLighting":false,"audioPlay":false,"sceneViewState":{"m_AlwaysRefresh":false,"showFog":true,"showSkybox":false,"showFlares":true,"showImageEffects":true,"showParticleSystems":true,"showVisualEffectGraphs":true,"m_FxEnabled":true},"in2DMode":false,"pivot":{"x":11.354026794433594,"y":0.7801011800765991,"z":-0.001611506100744009},"rotation":{"x":-0.11601033061742783,"y":0.7053434252738953,"z":-0.11877258121967316,"w":-0.6890424489974976},"size":1.3628809452056885,"orthographic":false}