{"cameraMode":{"drawMode":0,"name":"Shaded","section":"Shading Mode"},"sceneLighting":false,"audioPlay":false,"sceneViewState":{"m_AlwaysRefresh":false,"showFog":true,"showSkybox":false,"showFlares":true,"showImageEffects":true,"showParticleSystems":true,"showVisualEffectGraphs":true,"m_FxEnabled":true},"in2DMode":false,"pivot":{"x":-2.5593514442443849,"y":3.000555992126465,"z":-5.3065290451049809},"rotation":{"x":0.17253203690052033,"y":0.26839524507522585,"z":-0.04894430935382843,"w":0.9465078115463257},"size":0.000017320508050033823,"orthographic":false}