{"cameraMode":{"drawMode":0,"name":"Shaded","section":"Shading Mode"},"sceneLighting":false,"audioPlay":false,"sceneViewState":{"m_AlwaysRefresh":false,"showFog":true,"showSkybox":false,"showFlares":true,"showImageEffects":true,"showParticleSystems":true,"showVisualEffectGraphs":true,"m_FxEnabled":true},"in2DMode":false,"pivot":{"x":-0.006009101867675781,"y":0.4845576286315918,"z":-0.08683189749717713},"rotation":{"x":0.16752536594867707,"y":-0.7018832564353943,"z":0.17601025104522706,"w":0.6698422431945801},"size":0.5066365003585815,"orthographic":false}